time,minute_time,text,replies,retweets,likes,sec,Date,Open,Close,Volume,Date.1
2018-05-07,2018-05-07 15:25:00,Rococo basilisk,1300,1500,16000,0 days 00:00:41.000000000,2018-05-07 15:25:00,299.76,299.526,8755,5/7/18 15:25
2018-05-07,2018-05-07 15:37:00,https://en.m.wikipedia.org/wiki/Rococo ,369,227,4400,0 days 00:00:58.000000000,2018-05-07 15:37:00,303.587,303.44,44009,5/7/18 15:37
2018-05-07,2018-05-07 15:46:00,Targeting Falcon 9 Block 5 launch of Bangabandhu Satellite-1 on May 10 from Pad 39A in Florida.,523,2200,16000,0 days 00:00:34.000000000,2018-05-07 15:46:00,302.656,302.43,17586,5/7/18 15:46
2018-05-09,2018-05-09 13:18:00,"Night at the museum. G has mad skillzsz. Me not so much.
https://instagram.com/p/BiiAeCdhz8X/ ",848,1200,17000,0 days 00:00:05.000000000,2018-05-09 13:18:00,301.19,300.944,10108,5/9/18 13:18
2018-05-10,2018-05-10 13:39:00,"Falcon 9 Block 5 and Bangabandhu Satellite-1 went vertical on Pad 39A in Florida this morning. Now targeting liftoff at 4:42 p.m. EDT, 20:42 UTC – vehicle and payload look good, completing final check outs at the pad. http://spacex.com/webcast pic.twitter.com/ML81qpl76g",325,2600,13000,0 days 00:00:17.000000000,2018-05-10 13:39:00,308.4,308.42,5620,5/10/18 13:39
2018-05-14,2018-05-14 13:40:00,140 Tesla Powerpacks now live in Belgium and balancing the European electrical grid 100 times faster than fossil fuel plantspic.twitter.com/f8XzCYgrJZ,392,5000,26000,0 days 00:00:59.000000000,2018-05-14 13:40:00,296.55,296.226,10559,5/14/18 13:40
2018-05-17,2018-05-17 14:26:00,lol https://www.instagram.com/p/Bi43eF1DsLt/?utm_source=ig_twitter_share&igshid=10y0vgjxgnq69 …,822,1100,12000,0 days 00:00:51.000000000,2018-05-17 14:26:00,284.36,284.52,14227,5/17/18 14:26
2018-05-18,2018-05-18 14:44:00,"Commercial Crew astronaut Suni Williams wearing a #SpaceX spacesuit while training with a mock-up of the Crew Dragon in Hawthorne, California

: NASA, April 3, 2018pic.twitter.com/mnj3hvovsq",220,2100,15000,0 days 00:00:36.000000000,2018-05-18 14:44:00,276.0,276.28,5614,5/18/18 14:44
2018-05-22,2018-05-22 12:07:00,"ICYMI: here’s another 5 minutes of @MorganLBrennan exclusive interview with @SpaceX president & COO Gwynne Shotwell, talking @elonmusk, $TSLA relationship, BFR and a LOT more:https://cnb.cx/2KJhuMO ",69,319,2500,0 days 00:00:35.000000000,2018-05-22 12:07:00,276.67,276.78,4050,5/22/18 12:07
2018-05-22,2018-05-22 14:07:00,"We’re going to include some fun games as hidden Easter eggs in Tesla S, X & 3. What do you think would be most fun in a car using the center touch screen?",15000,2800,43000,0 days 00:00:07.000000000,2018-05-22 14:07:00,274.934,274.44,53665,5/22/18 14:07
2018-05-23,2018-05-23 14:25:00,"The holier-than-thou hypocrisy of big media companies who lay claim to the truth, but publish only enough to sugarcoat the lie, is why the public no longer respects themhttps://twitter.com/electrekco/status/999318852365303808 …
Tesla (TSLA) could rally as media negativity is ‘increasingly immaterial’, says Baird http://electrek.co/2018/05/23/tesla-tsla-rally-media-negativity-increasingly-immaterial-baird/ … by @fredericlambert pic.twitter.com/ydQ76TT1lF",2100,13000,52000,0 days 00:00:21.000000000,2018-05-23 14:25:00,277.26,277.578,14389,5/23/18 14:25
2018-05-23,2018-05-23 15:16:00,"Not only needs to be botproof, but seek & unmask anyone operating a disinformation bot army",605,1100,16000,0 days 00:00:07.000000000,2018-05-23 15:16:00,277.21,277.12,8946,5/23/18 15:16
2018-05-23,2018-05-23 15:21:00,"Even if some of the public doesn’t care about the credibility score, the journalists, editors & publications will. It is how they define themselves.",1600,4700,49000,0 days 00:00:00.000000000,2018-05-23 15:21:00,276.96,276.65,10571,5/23/18 15:21
2018-05-23,2018-05-23 15:12:00,"Going to create a site where the public can rate the core truth of any article & track the credibility score over time of each journalist, editor & publication. Thinking of calling it Pravda …",17000,51000,247000,0 days 00:00:53.000000000,2018-05-23 15:12:00,276.7,276.9,5093,5/23/18 15:12
2018-05-23,2018-05-23 14:59:00,"Problem is journos are under constant pressure to get max clicks & earn advertising dollars or get fired. Tricky situation, as Tesla doesn’t advertise, but fossil fuel companies & gas/diesel car companies are among world’s biggest advertisers.",1900,6500,45000,0 days 00:00:59.000000000,2018-05-23 14:59:00,277.502,277.65,6763,5/23/18 14:59
2018-05-23,2018-05-23 14:32:00,"Thought you’d say that. Anytime anyone criticizes the media, the media shrieks “You’re just like Trump!” Why do you think he got elected in the first place? Because no ones believes you any more. You lost your credibility a long time ago.",2500,20000,75000,0 days 00:00:01.000000000,2018-05-23 14:32:00,276.92,277.01,6952,5/23/18 14:32
2018-05-23,2018-05-23 15:41:00,Create a media credibility rating site (that also flags propaganda botnets),4700,14000,41000,0 days 00:00:15.000000000,2018-05-23 15:41:00,277.89,278.04,17494,5/23/18 15:41
2018-05-25,2018-05-25 14:27:00,"Problem solved, was able to buy http://Pravduh.com ! Game on …",2600,4400,38000,0 days 00:00:06.000000000,2018-05-25 14:27:00,277.6,277.67,11678,5/25/18 14:27
2018-05-25,2018-05-25 13:52:00,"Tried to buy http://Pravda.com , but Russia said no. Turns out they already use it.",1700,1600,13000,0 days 00:00:22.000000000,2018-05-25 13:52:00,276.88,276.995,11655,5/25/18 13:52
2018-05-25,2018-05-25 14:21:00,Thank you @elonmusk and @tesla for by FAR the best consumer product I have ever used. Day one is a 6 hour road trip to cape cod. Autopilot is a GAME CHANGER especially on highway and stop & go traffic. $tslapic.twitter.com/gUDmhlGXqn,316,929,16000,0 days 00:00:24.000000000,2018-05-25 14:21:00,276.97,276.933,3381,5/25/18 14:21
2018-05-25,2018-05-25 14:23:00,"Turns out http://Pravda.com  is actually owned by Ukraine. For some reason, Russia didn’t bother to correct me …",603,886,8700,0 days 00:00:42.000000000,2018-05-25 14:23:00,276.9,277.36,46378,5/25/18 14:23
2018-05-29,2018-05-29 13:32:00,"This journalist has been attacking me for months incl using genitalia language that she now says is sexist. What a hypocrite!https://twitter.com/politicalelle/status/1001486475744063488?s=21 …
Worth noting that the journalist harassed by ""Musk bros"" had previously made jokes about Elon Musk's genitalia on Twitter. Good grief. This place. https://twitter.com/RLewisReports/status/1001462737426300928 …",354,931,8300,0 days 00:00:04.000000000,2018-05-29 13:32:00,283.13,283.0,6786,5/29/18 13:32
2018-05-29,2018-05-29 14:35:00,"At risk of stating the extremely obvious, I am against threats of violence & abusive epithets in any forum. Please do not use them in my name or at all.",1500,4500,61000,0 days 00:00:36.000000000,2018-05-29 14:35:00,283.467,283.65,5774,5/29/18 14:35
2018-05-29,2018-05-29 11:34:00,".@elonmusk You have grown up with female scientists around you all your life. We are honest, intelligent, and work hard to do good, unlike @erinbiba And @NoahShachtman shame on you for making this a female issue.https://twitter.com/elonmusk/status/1001391226988388353 …
You’ve done something incredibly dishonest by supporting a journo who falsely stated that I’m against science, then cherrypicked tweets that don’t represent the vast majority of my followers to make false claims against them too",326,1300,12000,0 days 00:00:03.000000000,2018-05-29 11:34:00,283.58,283.4,25983,5/29/18 11:34
2018-05-30,2018-05-30 12:15:00,Consumer Reports tested the @Tesla Model 3 and found an issue with brakes. @elonmusk quickly responded. Our car has been updated and retested. Here are the results: http://ms.spr.ly/6019rNBmD pic.twitter.com/V6DmTRbN2C,103,562,4000,0 days 00:00:00.000000000,2018-05-30 12:15:00,288.212,288.8,48472,5/30/18 12:15
2018-05-30,2018-05-30 12:58:00,"All items below will go to all Model 3s within next few months with V8.2 software. To report a bug or ask for a feature, press voice button, say “bug report” followed by issue description.https://twitter.com/mactechgenius/status/1001867688413544448 …
Sounds good. Even though I have an early 3...the build quality is great!

Can we expect any of these features in a future…",400,630,7200,0 days 00:00:05.000000000,2018-05-30 12:58:00,291.845,292.0,17278,5/30/18 12:58
2018-05-30,2018-05-30 12:28:00,"Really appreciate the high quality critical feedback from @ConsumerReports. Road noise & ride comfort already addressed too. UI improvements coming via remote software update later this month.https://twitter.com/timkhiggins/status/1001860891317387264 …
Tesla Model 3 gets Consumer Reports' recommendation after auto maker updated brakes through wireless software change https://www.consumerreports.org/cars-tesla-model-3-gets-cr-recommendation-after-braking-update/ … pic.twitter.com/APcp8gsgGb",344,991,11000,0 days 00:00:56.000000000,2018-05-30 12:28:00,289.17,289.657,17696,5/30/18 12:28
2018-05-30,2018-05-30 12:12:00,"Like you guys too  https://twitter.com/lyft/status/1001858174784172032 …
Lyft + Tesla, a more iconic couple than @elonmusk + @grimezsz.",187,700,15000,0 days 00:00:13.000000000,2018-05-30 12:12:00,287.1,287.1,944,5/30/18 12:12
2018-05-30,2018-05-30 10:10:00,"Tesla Model 3 owner says vehicle ‘performed miraculously’ in high-speed rear-end crash, all occupants are safe http://electrek.co/2018/05/30/tesla-model-3-performed-miraculously-crash/ … by @fredericlambertpic.twitter.com/SZ6qKvWBh4",208,1400,12000,0 days 00:00:12.000000000,2018-05-30 10:10:00,285.25,285.66,8542,5/30/18 10:10
2018-05-30,2018-05-30 12:40:00,"Braking & UI upgrades apply to all Model 3s. Improved windshield for aero noise & suspension for ride comfort are major ops. Unless you’re really bothered by them, don’t replace. Best way to improve ride is drop tire pressure to ~39 psi. 45 psi is best range, but lower comfort.",107,154,2900,0 days 00:00:06.000000000,2018-05-30 12:40:00,291.543,291.3,20111,5/30/18 12:40
2018-05-31,2018-05-31 13:17:00,"#Pravduhhttps://twitter.com/paulmasonnews/status/1002110600363872257 …
In 25+ years I worked with/knew some real editorial sharks but none were prepared to blur the ad/ed line...  https://www.opendemocracy.net/uk/james-cusick/george-osborne-s-london-evening-standard-promises-positive-news-coverage-to-uber-goo …",234,456,5500,0 days 00:00:06.000000000,2018-05-31 13:17:00,285.91,286.0,900,5/31/18 13:17
2018-05-31,2018-05-31 15:29:00,Best analysis of Model 3 to date (German)https://www.wiwo.de/technologie/mobilitaet/elektroauto-zerlegt-tesla-model-3-kann-gewinn-abwerfen/22625806.html …,524,1100,10000,0 days 00:00:57.000000000,2018-05-31 15:29:00,285.535,285.16,9380,5/31/18 15:29
2018-05-31,2018-05-31 13:48:00,"Finders keepers https://twitter.com/malala/status/1002225801427935233 …
I’m keeping the car btw! ",436,4200,48000,0 days 00:00:55.000000000,2018-05-31 13:48:00,284.83,284.6,30307,5/31/18 13:48
2018-06-04,2018-06-04 15:51:00,"Am def not under any illusion that this will end illiteracy, but I hope it helps at least a littlehttps://www.forbes.com/sites/peterhigh/2018/06/04/elon-musk-funded-xprize-is-one-step-closer-to-ending-global-illiteracy/?utm_source=yahoo&utm_medium=partner&utm_campaign=yahootix&partner=yahootix&yptr=yahoo#62b6267b4465 …",854,2900,25000,0 days 00:00:14.000000000,2018-06-04 15:51:00,296.95,296.32,24108,6/4/18 15:51
2018-06-05,2018-06-05 12:38:00,We have now installed over 1 gigawatt-hour of energy storage across the globehttps://www.fastcompany.com/40580693/exclusive-tesla-has-installed-a-truly-huge-amount-of-energy-storage …,262,1700,11000,0 days 00:00:18.000000000,2018-06-05 12:38:00,287.52,287.52,7300,6/5/18 12:38
2018-06-07,2018-06-07 14:30:00,"Tip of the day …https://twitter.com/elonmusk/status/872257953373368320 …
A 7 step facial treatment every morning. The mistake people make is stopping at 6.",474,1100,15000,0 days 00:00:57.000000000,2018-06-07 14:30:00,316.72,316.755,25206,6/7/18 14:30
2018-06-07,2018-06-07 12:19:00,Switching 1 million cars from diesel to electric would save over £360 ($483) million per year in health costs in the UK,433,3400,15000,0 days 00:00:51.000000000,2018-06-07 12:19:00,323.59,323.38,11721,6/7/18 12:19
2018-06-12,2018-06-12 14:02:00,"Difficult, but necessary Tesla reorg underway. My email to the company has already leaked to media. Here it is unfiltered:pic.twitter.com/4LToWoxScx",2000,11000,72000,0 days 00:00:15.000000000,2018-06-12 14:02:00,344.25,344.67,68096,6/12/18 14:02
2018-06-14,2018-06-14 14:16:00,Green lights to Malibupic.twitter.com/wsBcE2FwTe,596,3900,27000,0 days 00:00:41.000000000,2018-06-14 14:16:00,355.48,355.705,20001,6/14/18 14:16
2018-06-15,2018-06-15 12:47:00,Should prob articulate philosophy underlying my actions. It’s pretty simple & mostly influenced by Douglas Adams & Isaac Asimov.,1300,2500,29000,0 days 00:00:38.000000000,2018-06-15 12:47:00,359.39,359.86,25608,6/15/18 12:47
2018-06-15,2018-06-15 11:35:00,"My “pay” is in options, which only matter if stock goes up & I sell. Will use that to make life multiplanetary, help education & environment on Earth w my foundation. Just don’t want us to be sad about the future.https://twitter.com/norbertelekes/status/1007635225675993089 …
CEO-to-worker pay ratio

AT&T: 366x
IBM: 341x…",1500,14000,82000,0 days 00:00:54.000000000,2018-06-15 11:35:00,357.5,357.413,13099,6/15/18 11:35
2018-06-20,2018-06-20 12:17:00,Tesla Semi driving to Santa Rosapic.twitter.com/5Gdk4WAJcE,682,5200,35000,0 days 00:00:05.000000000,2018-06-20 12:17:00,356.68800000000005,356.55699999999996,9314,6/20/18 12:17
2018-06-22,2018-06-22 15:20:00,"More than 600 students from over 40 countries will demonstrate their Pod designs for a next-generation, high-speed transportation system.pic.twitter.com/Ys8zWyTUfm",133,1500,10000,0 days 00:00:36.000000000,2018-06-22 15:20:00,334.48,334.33,15573,6/22/18 15:20
2018-06-22,2018-06-22 15:24:00,.@SpaceX’s third Hyperloop Pod Competition is one month away. Fastest Pod wins! →http://Hyperloop.com ,84,452,3700,0 days 00:00:45.000000000,2018-06-22 15:24:00,334.28,334.77,20696,6/22/18 15:24
2018-06-25,2018-06-25 14:48:00,Tesla Model 3 beats runner-up Porsche Boxster to win Time Attack race event - https://www.teslarati.com/tesla-model-3-professional-driver-time-attack-race/ …pic.twitter.com/gpLNU0a4uC,146,737,6100,0 days 00:00:11.000000000,2018-06-25 14:48:00,332.111,331.59,10748,6/25/18 14:48
2018-06-25,2018-06-25 14:39:00,Tesla team celebrates Pride Month pic.twitter.com/O3PTdWbPeg,591,2900,27000,0 days 00:00:01.000000000,2018-06-25 14:39:00,332.85,332.35,3298,6/25/18 14:39
2018-06-26,2018-06-26 14:30:00,The Tesla Truck will have dual motor all-wheel drive w crazy torque & a suspension that dynamically adjusts for load. Those will be standard.,2000,2700,33000,0 days 00:00:13.000000000,2018-06-26 14:30:00,338.65,339.33,31260,6/26/18 14:30
2018-06-26,2018-06-26 14:08:00,"What would you love to see in a Tesla pickup truck? I have a few things in mind, but what do you think are small, but important nuances & what would be seriously next level?",27000,5100,54000,0 days 00:00:22.000000000,2018-06-26 14:08:00,335.87,336.06,17855,6/26/18 14:08
2018-06-28,2018-06-28 15:24:00,"Appreciate all the good wishes. First bday I’ve spent in the factory, but it’s somehow the best.",3500,2900,62000,0 days 00:00:48.000000000,2018-06-28 15:24:00,351.07,350.45,11398,6/28/18 15:24
2018-06-28,2018-06-28 16:29:00,Paint shop https://www.instagram.com/p/BklO5x2gSKr/?utm_source=ig_twitter_share&igshid=1wjdl4dvw7s01 …,404,253,4900,0 days 00:00:33.000000000,2018-06-28 16:29:00,349.98,349.93,0,6/28/18 16:29
2018-06-29,2018-06-29 15:46:00,Or at least the closest thing to magic that exists in the real world,1300,4000,42000,0 days 00:00:43.000000000,2018-06-29 15:46:00,345.55,345.38,12810,6/29/18 15:46
2018-06-29,2018-06-29 15:44:00,Excession https://twitter.com/thejarren/status/1012783502004137984 …,270,574,7000,0 days 00:00:05.000000000,2018-06-29 15:44:00,345.8,345.805,18169,6/29/18 15:44
2018-06-29,2018-06-29 15:21:00,Space Laser https://www.instagram.com/p/Bknpu_6A4Ny/?utm_source=ig_twitter_share&igshid=18tawccjvmms2 …,382,571,6500,0 days 00:00:04.000000000,2018-06-29 15:21:00,345.11,345.05,10489,6/29/18 15:21
2018-06-29,2018-06-29 15:19:00,Spacebow https://www.instagram.com/p/BknnHyiAut0/?utm_source=ig_twitter_share&igshid=1a4392qjwok3m …,188,544,5400,0 days 00:00:56.000000000,2018-06-29 15:19:00,345.03,345.0,14709,6/29/18 15:19
2018-06-29,2018-06-29 15:41:00,Engineering is magic,3100,32000,138000,0 days 00:00:51.000000000,2018-06-29 15:41:00,345.92,345.99,8387,6/29/18 15:41
2018-07-09,2018-07-09 14:40:00,"Solar roof is performing well through a week of July heat. Combo of using a/c and charging 2 EVs means we’re using a lot, but we’re creating even more! @Tesla #teslasolarroofpic.twitter.com/h1DgA6PB7h",227,1300,12000,0 days 00:00:28.000000000,2018-07-09 14:40:00,315.408,315.49,10965,7/9/18 14:40
2018-07-10,2018-07-10 10:25:00,Elon Musk in Shanghai signs prelim agreement for Tesla factory in China with 500k vehicle capacityhttps://www.teslarati.com/elon-musk-shanghai-tesla-gigafactory-china-500k-production/ …,420,1400,11000,0 days 00:00:26.000000000,2018-07-10 10:25:00,324.61,324.633,24751,7/10/18 10:25
2018-07-11,2018-07-11 10:30:00,Well … it looked smaller on paper,324,534,14000,0 days 00:00:45.000000000,2018-07-11 10:30:00,318.79,318.56,4940,7/11/18 10:30
2018-07-11,2018-07-11 10:29:00,"Catching rocket fairings falling from space has proven tricky, so we made the net really bighttps://twitter.com/teslarati/status/1016966736946581504 …
SpaceX completes vast Mr Steven arm upgrades for quadruple-sized net https://www.teslarati.com/spacex-mr-steven-arm-upgrade-complete-quadruple-size-net/ … via @13ericralph31 @w00ki33",435,1300,16000,0 days 00:00:36.000000000,2018-07-11 10:29:00,318.73,318.83,9576,7/11/18 10:29
2018-07-11,2018-07-11 10:39:00,Stockholm: it’s not just a syndrome,1200,4000,46000,0 days 00:00:07.000000000,2018-07-11 10:39:00,318.925,318.98,3330,7/11/18 10:39
2018-07-12,2018-07-12 10:35:00,"Hey world. Let’s set the record straight. My team has been working with @elonmusk and his team for over a week to figure out the best solution to help #Flint with the #FlintwaterCrisis
Extremely grateful for him and all he has done so far.",464,4100,28000,0 days 00:00:06.000000000,2018-07-12 10:35:00,316.86,317.005,12783,7/12/18 10:35
2018-07-16,2018-07-16 14:18:00,Great news that Munro says the Tesla #Model3 has a 30% margin potential. Contradicting earlier reports. Which we have always said. These are real car people and they know. $TSLAhttps://electrek.co/2018/07/16/tesla-model-3-teardown-profitability/ …,133,509,3900,0 days 00:00:09.000000000,2018-07-16 14:18:00,307.855,307.89,15203,7/16/18 14:18
2018-07-16,2018-07-16 14:48:00,"Tesla critic flips his view, finds the Model 3 has the potential to be profitable https://bloom.bg/2KZYYV6 pic.twitter.com/dmhsVCQfFi",200,741,5800,0 days 00:00:45.000000000,2018-07-16 14:48:00,307.87,307.86,4161,7/16/18 14:48
2018-07-17,2018-07-17 13:12:00,"Finally a thorough piece of reporting on the @elonmusk Thai submarine fiasco. By a non-reporter. 

Journalism is dead. But if we can fight to distribute pieces like this, with high-signal-to-noise ratio, we can resurrect.https://www.quora.com/Whats-the-full-story-behind-Elon-Musks-involvement-with-the-Thai-cave-rescue-effort …",617,6400,21000,0 days 00:00:01.000000000,2018-07-17 13:12:00,320.75,321.29,23722,7/17/18 13:12
2018-07-18,2018-07-18 15:36:00,"I wishhttps://twitter.com/tao_lin/status/1019589925358964744 …
I recommend losing or breaking your phone",1200,1800,21000,0 days 00:00:21.000000000,2018-07-18 15:36:00,324.988,324.98,8325,7/18/18 15:36
2018-07-19,2018-07-19 15:15:00,"The Tesla brand has its share of haters, but none have driven the new Model 3 Performance—until now. @DanNeilWSJ calls the car ""magnificent"" in its first-ever review.https://on.wsj.com/2NtD4WV ",154,966,5400,0 days 00:00:08.000000000,2018-07-19 15:15:00,318.46,318.384,3070,7/19/18 15:15
2018-07-23,2018-07-23 12:04:00,"11,353 charging locations across the world and growing dailyhttps://twitter.com/whatsinside/status/1019399112129540096 …
I’m so happy when hotels have free Tesla Destination chargers. Imagine if hotels topped off your gas car when you stay there...that’s how crazy awesome it is. pic.twitter.com/kOL8pr6yce",367,1500,13000,0 days 00:00:10.000000000,2018-07-23 12:04:00,300.94,300.68,4945,7/23/18 12:04
2018-07-25,2018-07-25 10:22:00,"Scientists believe they've found liquid water on Mars for the first time, a potential game-changer in the search for life on the Red Planethttp://bbc.in/2OhQRRY ",852,10000,26000,0 days 00:00:52.000000000,2018-07-25 10:22:00,302.62,302.33,9587,7/25/18 10:22
2018-07-25,2018-07-25 13:18:00,"@elonmusk Oil Companies Reap Billions From Subsidies https://nyti.ms/2BvwVGX  @petenajarian @GerberKawasaki If 400Bill worldwide subsidies were given to EV's instead of Oil Companies, we could have all EV's by 2030. :)",88,790,3200,0 days 00:00:19.000000000,2018-07-25 13:18:00,301.33,301.22,4605,7/25/18 13:18
2018-07-25,2018-07-25 11:58:00,"Cynics said it can’t be done.
Now @Tesla powerpacks aiding #Samoa transition to  % renewable energy.

@IMI_Info @icimod @ZWH_Himalaya @himalayanorg @PremDasRai @ambajamir @krautela @elonmusk @PiyushGoyal @narendramodihttps://twitter.com/danieljpeter/status/1022142657043333121 …
 @Tesla Powerpacks aid Samoa’s transition to 100% renewable energy.

https://www.teslarati.com/tesla-powerpack-samoa-renewable-energy-transition … pic.twitter.com/woLcfuyBh3",90,829,5200,0 days 00:00:26.000000000,2018-07-25 11:58:00,301.59,300.91,20043,7/25/18 11:58
2018-07-27,2018-07-27 14:29:00,More photos from Falcon 9’s launch of Iridium-7 → http://flickr.com/spacex pic.twitter.com/JG0qyiajb7,235,3100,20000,0 days 00:00:57.000000000,2018-07-27 14:29:00,297.03,297.33,5299,7/27/18 14:29
2018-07-31,2018-07-31 14:27:00,"Not having a big gas guzzler engine in front means there’s room for trunks in front & back, plus longer crumple zone for best safety of any midsize carhttps://twitter.com/Tesla/status/1024335091785289729 …
It’s crazy how much stuff fits in a Model 3 https://twitter.com/AlguireTim/status/1023784314343804928 …",658,1500,19000,0 days 00:00:44.000000000,2018-07-31 14:27:00,296.87,297.2,20919,7/31/18 14:27
2018-07-31,2018-07-31 14:33:00,"We’re adding a “party & camper mode” soon to S/3/X, so your car can maintain air flow, temp, selective lights, music & power devices for 48 hours or more while parked. Big batteries rock …",900,1700,21000,0 days 00:00:53.000000000,2018-07-31 14:33:00,297.32,297.58,10342,7/31/18 14:33
2018-08-01,2018-08-01 11:05:00,Falcon 9 launches Iridium to orbit from Vandenberg Air Force Base https://www.instagram.com/p/Bl8M-mNAN3f/?utm_source=ig_twitter_share&igshid=18erh862v2fe1 …,247,718,8300,0 days 00:00:47.000000000,2018-08-01 11:05:00,299.61,299.33,3377,8/1/18 11:05
2018-08-01,2018-08-01 14:40:00,Some of best classic @Atari games coming as Easter eggs in Tesla V9.0 release in about 4 weeks. Thanks @Atari!,1600,4100,36000,0 days 00:00:17.000000000,2018-08-01 14:40:00,297.427,297.754,14372,8/1/18 14:40
2018-08-02,2018-08-02 11:04:00,Station teams from around the world polled “go” for Friday’s release of the @SpaceX #Dragon cargo craft and its splashdown in the Pacific Ocean. https://go.nasa.gov/2LVuiEi pic.twitter.com/bT0YL22GhA,78,771,5900,0 days 00:00:55.000000000,2018-08-02 11:04:00,327.41,327.985,28409,8/2/18 11:04
2018-08-02,2018-08-02 12:29:00,Gigafactory 1 battery production has reached an annualized run rate of ≈20 GWh - more kWh than all other carmakers combinedpic.twitter.com/wFIB7E72rX,418,2600,17000,0 days 00:00:48.000000000,2018-08-02 12:29:00,336.91,337.16,39258,8/2/18 12:29
2018-08-06,2018-08-06 13:50:00,.@jalopnik reviews Model 3 Performancehttps://jalopnik.com/2018-tesla-model-3-performance-heres-what-we-thought-1828067979 …,122,527,4500,0 days 00:00:48.000000000,2018-08-06 13:50:00,349.907,349.986,15283,8/6/18 13:50
2018-08-06,2018-08-06 15:33:00,"Falcon 9 and Merah Putih are vertical on Pad 40 in Florida. Weather is 80% favorable for the two-hour launch window, which opens Tuesday, August 7 at 1:18 a.m. EST, 5:18 a.m. UTC. http://spacex.com/webcast pic.twitter.com/xT23Oaz7bu",238,2800,10000,0 days 00:00:50.000000000,2018-08-06 15:33:00,345.31,344.62,43874,8/6/18 15:33
2018-08-07,2018-08-07 12:48:00,Am considering taking Tesla private at $420. Funding secured.,6400,16000,89000,0 days 00:00:13.000000000,2018-08-07 12:48:00,356.82,365.03,848771,8/7/18 12:48
2018-08-07,2018-08-07 13:28:00,Good morning ,4300,3500,50000,0 days 00:00:17.000000000,2018-08-07 13:28:00,359.93,358.55699999999996,101412,8/7/18 13:28
2018-08-07,2018-08-07 14:00:00,My hope is *all* current investors remain with Tesla even if we’re private. Would create special purpose fund enabling anyone to stay with Tesla. Already do this with Fidelity’s SpaceX investment.,523,978,9000,0 days 00:00:44.000000000,2018-08-07 14:00:00,364.84,364.93,112147,8/7/18 14:00
2018-08-07,2018-08-07 14:07:00,Absolutely. Am super appreciative of Tesla shareholders. Will ensure their prosperity in any scenario.,287,519,7200,0 days 00:00:17.000000000,2018-08-07 14:07:00,369.57,366.9,137087,8/7/18 14:07
2018-08-10,2018-08-10 12:27:00,"99% of the US population is within 150 miles of a Superchargerhttps://twitter.com/Tgalleg/status/1027337126881329152 …
When I first heard about Tesla destination charging, it sounded too good to be true. I’ve since changed my mind. @elonmusk my #69birthdaytour showed me how well thought out your charging grid really is! pic.twitter.com/6jPzd6cPZp",542,2000,17000,0 days 00:00:31.000000000,2018-08-10 12:27:00,357.889,357.76,12886,8/10/18 12:27
2018-08-13,2018-08-13 15:54:00,Hear from the five astronauts who will be the first fly @boeingspace's Starliner and @SpaceX's Crew Dragon to the International Space Station!pic.twitter.com/x3pn9aVHJw,126,841,5000,0 days 00:00:14.000000000,2018-08-13 15:54:00,356.45,356.586,13874,8/13/18 15:54
2018-08-21,2018-08-21 13:43:00,"Really makes me wanna buy Rice Krispieshttps://twitter.com/MattPotter/status/1031921389220098049 …
Mind blown by learning just now that Snap, Crackle and Pop are terms taken from physics (they are the 4th, 5th and 6th time derivatives of position)... and as if that wasn’t enough, we were perilously close to having a bowl of…",756,2400,18000,0 days 00:00:19.000000000,2018-08-21 13:43:00,320.89,320.83,6660,8/21/18 13:43
2018-08-21,2018-08-21 12:08:00,Read Eliot’s notes on The Waste Land https://en.m.wikipedia.org/wiki/The_Waste_Land …pic.twitter.com/uToAi4kBi1,701,613,5700,0 days 00:00:34.000000000,2018-08-21 12:08:00,318.29,317.91,8477,8/21/18 12:08
2018-08-30,2018-08-30 15:50:00,"We got our first  Tesla Model 3 in December 2017. It was so damn good, we got another one in February 18 for my son. Now, these two cars are so great that my wife went shopping for a new car last month, she considered almost everything out there but what did she buy? Model 3.pic.twitter.com/zQ9aaeorwz",985,2100,28000,0 days 00:00:02.000000000,2018-08-30 15:50:00,301.66,301.79,25299,8/30/18 15:50
2018-08-31,2018-08-31 15:50:00,Forward hatch view of Dragon departing the @Space_Station earlier this month.pic.twitter.com/L1Kc5XI0G7,430,5500,29000,0 days 00:00:36.000000000,2018-08-31 15:50:00,301.36,301.39,20112,8/31/18 15:50
2018-09-05,2018-09-05 15:51:00,Holy cow! @Tesla #Model3 Outsold All BMW Passenger Cars In UShttps://insideevs.com/tesla-model-3-outsold-bmw-passenger-cars/ …,234,1700,8400,0 days 00:00:02.000000000,2018-09-05 15:51:00,280.13,280.19,18215,9/5/18 15:51
2018-09-11,2018-09-11 14:16:00,"#NeverForget
There is a 9/11 tribute on Mars. The hardware with the US flag on @MarsRovers Spirit is made of aluminum recovered from the World Trade Center towers site: https://go.nasa.gov/2QhLdQx pic.twitter.com/vDlXXzhDe1",215,4000,15000,0 days 00:00:24.000000000,2018-09-11 14:16:00,278.212,278.402,23128,9/11/18 14:16
2018-09-13,2018-09-13 12:57:00,"From trying on spacesuits to preparing for potential emergencies, see how astronauts are getting ready to fly on the test flights and first missions of @BoeingSpace's Starliner and @SpaceX’s Crew Dragon.pic.twitter.com/0d6yiUP5yY",93,971,5500,0 days 00:00:30.000000000,2018-09-13 12:57:00,289.04,289.122,3461,9/13/18 12:57
2018-09-17,2018-09-17 15:10:00,"Btw, can’t emphasize enough how @SpaceX would not be where it is today without @NASA. Thank you.",688,4300,58000,0 days 00:00:26.000000000,2018-09-17 15:10:00,295.54,295.675,5867,9/17/18 15:10
2018-09-17,2018-09-17 15:16:00,Top SpaceX priority is and will remain supporting @NASA crewed spaceflight and National Security missions,225,950,20000,0 days 00:00:13.000000000,2018-09-17 15:16:00,295.907,296.24,10115,9/17/18 15:16
2018-09-18,2018-09-18 14:24:00,"Moon mission will be livestreamed in high def VR, so it’ll feel like you’re there in real-time minus a few seconds for speed of light",4000,24000,164000,0 days 00:00:57.000000000,2018-09-18 14:24:00,284.54,284.58,5487,9/18/18 14:24
2018-09-18,2018-09-18 14:07:00,pic.twitter.com/nqgfNWlm4Z,1400,5100,51000,0 days 00:00:03.000000000,2018-09-18 14:07:00,284.13,284.254,8000,9/18/18 14:07
2018-09-20,2018-09-20 12:25:00,Tesla Model 3 sedan aces all of U.S. safety agency's crash testshttps://bloom.bg/2NqfCP5 ,204,1500,8800,0 days 00:00:48.000000000,2018-09-20 12:25:00,295.44,296.03,12891,9/20/18 12:25
2018-09-20,2018-09-20 12:00:00,Tesla Model 3 gets five-star crash safety rating from NHTSA http://jalo.ps/knYxgt5 pic.twitter.com/jvqmkfjSKj,140,1000,7400,0 days 00:00:28.000000000,2018-09-20 12:00:00,295.76,295.53,3310,9/20/18 12:00
2018-09-20,2018-09-20 13:26:00,.@NHTSAgov will post final safety probability stats soon. Model 3 has a shot at being safest car ever tested.,533,1800,20000,0 days 00:00:26.000000000,2018-09-20 13:26:00,297.2,297.38,6426,9/20/18 13:26
2018-09-20,2018-09-20 13:44:00,Tesla piece on the physics of car safety coming soon for those interested in technical details,453,818,15000,0 days 00:00:59.000000000,2018-09-20 13:44:00,296.53700000000003,296.67,5742,9/20/18 13:44
2018-09-21,2018-09-21 11:41:00,Here's a @Tesla spec ad I cut for fun. @elonmusk @TeslaMotorsClub @SpaceX #tesla #specad #elonmusk #spacexpic.twitter.com/HwklAZuCQJ,994,5500,22000,0 days 00:00:13.000000000,2018-09-21 11:41:00,298.20799999999997,297.94,2603,9/21/18 11:41
2018-10-03,2018-10-03 12:49:00,"I'm a little obsessed. I've never had so much fun driving a car! In fact, it doesn't even feel like a car. It's a new, incredible experience that you need try for yourself. You won't want to go back. Thanks @Tesla and @elonmusk for creating the future. #Tesla #Model3pic.twitter.com/LksrYJCwRd",259,847,11000,0 days 00:00:04.000000000,2018-10-03 12:49:00,294.93,294.5,6512,10/3/18 12:49
2018-10-04,2018-10-04 15:39:00,Q3 2018 Vehicle Safety Reporthttps://www.tesla.com/blog/q3-2018-vehicle-safety-report …,181,1000,7800,0 days 00:00:33.000000000,2018-10-04 15:39:00,279.884,280.095,6369,10/4/18 15:39
2018-10-08,2018-10-08 11:42:00,"The physics of how Tesla achieved best safety of any cars ever tested. Note, when vehicle weight is taken into account, order is more like X,S, then 3, but they are all very close.https://twitter.com/Tesla/status/1049284924321087488 …
Model 3 has the lowest overall probability of injury for any car ever tested by @nhtsagov. Model S is #2. Model X is #3. There is no safer car in the world than a Tesla",1100,3500,30000,0 days 00:00:18.000000000,2018-10-08 11:42:00,252.7,253.52200000000002,54091,10/8/18 11:42
2018-10-08,2018-10-08 13:55:00,.@medium explains the negative @tesla headlines by ⁦@CNBC⁩ ⁦@nytimes⁩ ⁦@business⁩ ⁦@MarketWatch⁩ and others. Not nice. #cleanenergywillwin #pravduh “Musk and Tesla are doing much better than headlines suggest”https://medium.com/the-future-is-electric/musk-and-tesla-are-doing-much-better-than-headlines-suggest-9091d8ea59d0 …,281,1100,5800,0 days 00:00:12.000000000,2018-10-08 13:55:00,250.05,249.91,9386,10/8/18 13:55
2018-10-08,2018-10-08 15:36:00,Video recap of last night’s launch and landingpic.twitter.com/QRcyZQp612,829,11000,50000,0 days 00:00:40.000000000,2018-10-08 15:36:00,249.91,250.016,14355,10/8/18 15:36
2018-10-09,2018-10-09 11:13:00,"A reminder of why it’s important to accelerate advent of cars powered by electricity made from solar powerhttps://twitter.com/IPCC_CH/status/1049205935388811265 …
The @IPCC_CH report on #GlobalWarming of 1.5°C is one of the most important #climatechange reports ever published. Limiting temperature increase requires unprecedented changes in society, but will have huge…",1200,6400,29000,0 days 00:00:43.000000000,2018-10-09 11:13:00,261.124,261.346,22321,10/9/18 11:13
2018-10-12,2018-10-12 12:39:00,"Teslaquila coming soon …https://twitter.com/CNBCi/status/1050771311600041985 …
Elon Musk's Tesla seeks to trademark 'Teslaquila' http://bit.ly/2PwZaJG ",1700,7000,50000,0 days 00:00:27.000000000,2018-10-12 12:39:00,253.24,253.28,5395,10/12/18 12:39
2018-10-12,2018-10-12 12:58:00,Visual approximationpic.twitter.com/sMn3Pv476Y,2200,9700,58000,0 days 00:00:28.000000000,2018-10-12 12:58:00,254.26,254.72,20877,10/12/18 12:58
2018-10-12,2018-10-12 13:21:00,One of the leading climate scientists of our time is warning of the horrifying possibility of 15-to-20 feet of sea-level rise https://rol.st/2CJ50Vq pic.twitter.com/1jZsUsfxUc,242,1400,4300,0 days 00:00:08.000000000,2018-10-12 13:21:00,254.5,254.48,3322,10/12/18 13:21
2018-10-12,2018-10-12 14:03:00,"Tesla exists to help reduce risk of catastrophic climate change, which affects all species on Earth. Even if your faith in humanity is faltering, this is worth caring about. Support makes a difference. Thank you.",4200,29000,179000,0 days 00:00:45.000000000,2018-10-12 14:03:00,253.87400000000002,253.81,11184,10/12/18 14:03
2018-10-15,2018-10-15 12:03:00,"  https://twitter.com/InsideEVs/status/1051865515260608512 …
Did you know that 36 Tesla owners club leaders from nine countries convened this week in Fremont, CA  to meet, strategize, and plan for how clubs can continue to support Tesla owners across the globe. Now you know.
…",422,899,14000,0 days 00:00:29.000000000,2018-10-15 12:03:00,255.55,255.524,4519,10/15/18 12:03
2018-10-15,2018-10-15 14:49:00,"Works best if you play games full screen & use steering wheel scroller balls for controlhttps://twitter.com/Teslarati/status/1051904869441912832 …
Tesla’s V9 Atari games are but the start of Elon Musk’s gamification plans  
https://www.teslarati.com/tesla-software-v9-atari-games-elon-musk-plans/ …",609,1200,14000,0 days 00:00:25.000000000,2018-10-15 14:49:00,262.111,262.29200000000003,16735,10/15/18 14:49
2018-10-15,2018-10-15 15:27:00,"Model 3 motor & gearbox still in good condition after driving 1M miles. Designed for ultra high endurance.https://twitter.com/Tesla/status/1051911793373638661 …
The Model 3 drive system is designed and validated for over 1 million miles – this is what the gears look like after testing pic.twitter.com/a6gk2akPF0",1500,7200,54000,0 days 00:00:40.000000000,2018-10-15 15:27:00,261.649,261.41,6601,10/15/18 15:27
2018-10-22,2018-10-22 10:36:00,Overhead views from a Model 3pic.twitter.com/SnrL4lLwNB,1100,15000,89000,0 days 00:00:37.000000000,2018-10-22 10:36:00,256.916,256.84,23891,10/22/18 10:36
2018-10-23,2018-10-23 15:10:00,"Get this question a lot, so need to clarify that there’s no such thing as a Tesla “refresh”. Other car companies do this every ~3 years, but Tesla constantly upgrades vehicle hardware every week.",1400,3500,57000,0 days 00:00:28.000000000,2018-10-23 15:10:00,291.68,291.25,22965,10/23/18 15:10
2018-10-23,2018-10-23 14:28:00,"To simplify production, many Tesla Model S & X interior configs, will no longer be available after Nov 1. Order now to be sure of the one you want.",901,1200,21000,0 days 00:00:13.000000000,2018-10-23 14:28:00,293.575,292.65,44445,10/23/18 14:28
2018-10-25,2018-10-25 13:52:00,Send me ur dankest memes!!,56000,74000,342000,0 days 00:00:42.000000000,2018-10-25 13:52:00,309.7,309.715,16268,10/25/18 13:52
2018-10-25,2018-10-25 13:50:00, in ,411,1000,20000,0 days 00:00:31.000000000,2018-10-25 13:50:00,310.14,310.053,6293,10/25/18 13:50
2018-10-25,2018-10-25 13:44:00,Fresh puro from my meme dealerpic.twitter.com/EdU5uJVVne,1500,17000,105000,0 days 00:00:07.000000000,2018-10-25 13:44:00,309.28,309.691,18322,10/25/18 13:44
2018-10-26,2018-10-26 11:54:00,Tesla Safety Updatehttps://www.tesla.com/blog/one-year-in-tesla-update?utm_campaign=&utm_source=twitter&utm_medium=social …,145,723,9500,0 days 00:00:26.000000000,2018-10-26 11:54:00,323.65,324.24,107189,10/26/18 11:54
2018-10-31,2018-10-31 12:29:00,I was not sure when I would use this feature... till today.   @elonmusk @teslapic.twitter.com/bC6rFt2SuW,2000,82000,398000,0 days 00:00:50.000000000,2018-10-31 12:29:00,339.787,339.79,16333,10/31/18 12:29
2018-10-31,2018-10-31 15:41:00,"Scientists uncover Sneaky move by GMhttps://twitter.com/InsideEVs/status/1057718047102918656 …
GM’s National EV Proposal Hides Call To Roll Back Vehicle Efficiency https://insideevs.com/gm-ev-proposal-hides-rollback/ …",679,2000,18000,0 days 00:00:45.000000000,2018-10-31 15:41:00,338.65,339.0,9337,10/31/18 15:41
2018-10-31,2018-10-31 13:47:00,"For those unfamiliar, this uses Tesla Autopark/Summon. Slightly smarter version hopefully ready soon. By next year, a Tesla should be able to drive around a parking lot, find an empty spot, read signs to confirm it’s valid & park.",614,3800,33000,0 days 00:00:03.000000000,2018-10-31 13:47:00,338.24,338.18,7128,10/31/18 13:47
2018-11-01,2018-11-01 15:49:00,"My exclusive test drive: A software update gives Tesla cars the ability to pass slow cars, get on highways, merge, shift into the correct exit lane, and take exit ramps—all autonomously. https://finance.yahoo.com/news/tesla-now-self-drivingest-car-road-063800677.html …pic.twitter.com/D7bFvpVDwr",213,1100,8600,0 days 00:00:53.000000000,2018-11-01 15:49:00,343.9,343.69,19321,11/1/18 15:49
2018-11-06,2018-11-06 12:40:00,Zeroth Law,536,468,12000,0 days 00:00:50.000000000,2018-11-06 12:40:00,347.89,347.61,68807,11/6/18 12:40
2018-11-06,2018-11-06 12:18:00,2B or !2B,1100,3200,23000,0 days 00:00:51.000000000,2018-11-06 12:18:00,346.1,346.27,22107,11/6/18 12:18
2018-11-06,2018-11-06 12:02:00,Love Oumuamua jokes,432,361,8400,0 days 00:00:40.000000000,2018-11-06 12:02:00,344.38,344.38,3100,11/6/18 12:02
2018-11-06,2018-11-06 12:31:00,Foundation of psychohistory,385,584,14000,0 days 00:00:37.000000000,2018-11-06 12:31:00,346.67,346.94,23304,11/6/18 12:31
2018-11-06,2018-11-06 11:34:00,"Oh hi guys … lol
https://www-m.cnn.com/2018/11/06/health/oumuamua-alien-probe-harvard-intl/index.html?r=https%3A%2F%2Fwww.google.com%2F …",1600,2200,21000,0 days 00:00:46.000000000,2018-11-06 11:34:00,344.44,344.278,3243,11/6/18 11:34
2018-11-06,2018-11-06 11:56:00,Remember the future,3400,18000,113000,0 days 00:00:49.000000000,2018-11-06 11:56:00,344.475,344.75,8422,11/6/18 11:56
2018-11-07,2018-11-07 14:31:00,Mod to SpaceX tech tree build: Falcon 9 second stage will be upgraded to be like a mini-BFR Ship,1400,2600,38000,0 days 00:00:07.000000000,2018-11-07 14:31:00,349.12,349.305,12514,11/7/18 14:31
2018-11-07,2018-11-07 11:41:00,But comments are ,861,577,30000,0 days 00:00:23.000000000,2018-11-07 11:41:00,347.44,347.88,5130,11/7/18 11:41
